club_name,country_name,count,examples
Royal Standard Club de Liège,Burkina Faso,3,Sacha Bansé | Abdoul Tapsoba | Abdramane Ouedraogo
Angers Sporting Club de l'Ouest,Gabon,2,Jim Allevinah | Jacques Ekomié
Club Football Estrela da Amadora,Guinea-Bissau,2,Jefferson Encada | Botche Candé
Fodbold Club Midtjylland,Guinea-Bissau,2,Franculino | Alamara Djabi
Aalborg BK,Tanzania,1,Kelvin John
AC Monza,Equatorial Guinea,1,Pepín Machín
Alanyaspor,Benin,1,Steve Mounié
Almere City FC,Equatorial Guinea,1,Álex Balboa
Angers Sporting Club de l'Ouest,Benin,1,Cédric Hountondji
Angers Sporting Club de l'Ouest,Burkina Faso,1,Hervé Koffi
Angers Sporting Club de l'Ouest,Central African Republic,1,Goduine Koyalipou
Aris Thessalonikis,Mauritius,1,Lindsay Rose
Association de la Jeunesse auxerroise,French Guiana,1,Donovan Léon
Association de la Jeunesse auxerroise,Madagascar,1,Rayan Raveloson
Athletic Club Bilbao,Guinea-Bissau,1,Álvaro Djaló
Bayer 04 Leverkusen Fußball,Burkina Faso,1,Edmond Tapsoba
Beşiktaş Jimnastik Kulübü,Benin,1,Junior Olaitan
Boavista FC,Guinea-Bissau,1,Augusto Dabó
Boavista FC,Sierra Leone,1,Osman Kakay
Bodrum FK,Martinique,1,Christophe Hérelle
Brentford Football Club,Burkina Faso,1,Dango Ouattara
Casa Pia Atlético Clube,Guinea-Bissau,1,Clau Mendes
Cercle Brugge Koninklijke Sportvereniging,Burkina Faso,1,Abdoul Kader Ouattara
Cercle Brugge Koninklijke Sportvereniging,Togo,1,Kévin Denkey
Club Football Estrela da Amadora,Sao Tome and Principe,1,Sérgio Malé
Deportivo Alavés S. A. D.,Equatorial Guinea,1,Jesús Owono
Dundee United Football Club,Guinea-Bissau,1,Panutche Camara
Eintracht Frankfurt Fußball AG,Syria,1,Mahmoud Dahoud
Everton Football Club,Guinea-Bissau,1,Beto
FC Oleksandriya,Guinea-Bissau,1,Mauro Rodrigues
FC Shakhtar Donetsk,Burkina Faso,1,Lassina Traoré
FC Zorya Lugansk,Sierra Leone,1,Sallieu Bah
FK Nizhny Novgorod,Guinea-Bissau,1,Zé Turbo
FK Rostov,Turkmenistan,1,Denis Titov
Fodbold Club Midtjylland,Sierra Leone,1,Alhaji Kamara
Football Club de Metz,Gabon,1,Michel Mboula
Football Club de Nantes,Madagascar,1,Mathieu Acapandié
Football Club Lorient-Bretagne Sud,Benin,1,Aiyegun Tosin
Football Club Lorient-Bretagne Sud,Burkina Faso,1,Arsène Kouassi
Football Club Lorient-Bretagne Sud,Togo,1,Dermane Karim
Football Club Volendam,Togo,1,Mawouna Amevor
Fußball-Club St. Pauli von 1910,Benin,1,Andréas Hountondji
Futebol Clube de Alverca,Guinea-Bissau,1,Tomás Mendes
Galatasaray Spor Kulübü,Gabon,1,Mario Lemina
Galatasaray Spor Kulübü,Guinea-Bissau,1,Renato Nhaga
Gaziantep Futbol Kulübü A.Ş.,Martinique,1,Cyril Mandouki
Getafe Club de Fútbol S. A. D. Team Dubai,Togo,1,Dakonam Djené
Grupo Desportivo Estoril Praia,Togo,1,Kévin Boma
Göztepe Sportif Yatırımlar A.Ş.,Central African Republic,1,Isaac Solet
Göztepe Sportif Yatırımlar A.Ş.,Tanzania,1,Novatus Miroshi
Heart of Midlothian Football Club,Burkina Faso,1,Pierre Landry Kabore
Kayserispor Kulübü,Guinea-Bissau,1,Carlos Mané
Koninklijke Atletiek Associatie Gent,Burkina Faso,1,Abdoul Ayinde
Koninklijke Atletiek Associatie Gent,Central African Republic,1,Hugo Gambor
Koninklijke Sint-Truidense Voetbalvereniging,Togo,1,Frederic Ananou
Konyaspor,Burkina Faso,1,Adamo Nagalo
KV Kortrijk,Madagascar,1,Marco Ilaimaharitra
Le Havre Athletic Club,French Guiana,1,Yoann Salmier
Le Havre Athletic Club,Tanzania,1,Ally Samatta
Livingston Football Club,Guinea-Bissau,1,Babacar Fati
Manchester City Football Club,Burkina Faso,1,Issa Kaboré
Moreirense Futebol Clube,Equatorial Guinea,1,Luis Asué
Moreirense Futebol Clube,Guinea-Bissau,1,Gilberto Batista
Odense Boldklub,Burkina Faso,1,Ismahila Ouédraogo
Olympique de Marseille,Central African Republic,1,Geoffrey Kondogbia
Olympique de Marseille,Gabon,1,Pierre-Emerick Aubameyang
Olympique Gymnaste Club Nice Côte d'Azur,Sierra Leone,1,Juma Bah
Oud-Heverlee Leuven,Martinique,1,Mickaël Biron
Panserraikos Serres,Syria,1,Youshaa Knaj
Racing Club de Lens,Burkina Faso,1,Ismaëlo Ganiou
Racing Club de Strasbourg Alsace,Martinique,1,Jérémy Sebas
Randers Fodbold Club,Syria,1,Noah Shamoun
Rangers Football Club,Burkina Faso,1,Nasser Djiga
Real Club Deportivo Mallorca S.A.D.,Equatorial Guinea,1,Omar Mascarell
RFK Akhmat Grozny,Burkina Faso,1,Mohamed Konaté
Rio Ave Futebol Clube,Guinea-Bissau,1,Tamble
Royal Charleroi Sporting Club,Martinique,1,Jérémy Petris
Royal Charleroi Sporting Club,Syria,1,Aiham Ousou
Royal Sporting Club Anderlecht,Guinea-Bissau,1,Coba da Costa
Royale Union Saint-Gilloise,Equatorial Guinea,1,Cristian Makaté
Royale Union Saint-Gilloise,Madagascar,1,Loïc Lapoussin
Saint Mirren Football Club,Antigua and Barbuda,1,Jalmaro Calvin
Samsunspor,Guinea-Bissau,1,Nanu
SC Farense,Guinea-Bissau,1,Elves Baldé
Sport-Club Freiburg,Burkina Faso,1,Cyriaque Irié
Stade brestois 29,Guinea-Bissau,1,Mama Baldé
Stade Rennais Football Club,Central African Republic,1,Geoffrey Lembet
Stade Rennais Football Club,Gabon,1,Alan Do Marcolino
Sunderland Association Football Club,Burkina Faso,1,Bertrand Traoré
Torino Calcio,Equatorial Guinea,1,Saúl Coco
Toulouse Football Club,Burkina Faso,1,Mamady Bangré
Toulouse Football Club,Gabon,1,Shavy Babicka
Turn- und Sportgemeinschaft 1899 Hoffenheim Fußball-Spielbetriebs,Togo,1,Ihlas Bebou
Unione Sportiva Lecce,Madagascar,1,Andy Pelmard
Unione Sportiva Lecce,Togo,1,Sadik Fofana
Unione Sportiva Sassuolo Calcio,Guinea-Bissau,1,Fali Candé
Viborg Fodsports Forening,Equatorial Guinea,1,Dorian Hanza
Vitória Sport Clube,Guinea-Bissau,1,Vando Félix
